name,description,price,quantity,images,categories
Mollitia facilis dolorum molestias,Id est ut. Et culpa quos. Eos ut laboriosam.<br>Eos quis distinctio. Soluta aut ipsa. Iure explicabo nobis.<br>Dicta est ab. Consectetur quaerat reprehenderit. Eveniet minus a.,22.97,14,"https://images.unsplash.com/photo-1459411552884-841db9b3cc2a?ixlib=rb-1.2.1&ixid=MnwxMjA3fDB8MHxwaG90by1wYWdlfHx8fGVufDB8fHx8&auto=format&fit=crop&w=1974&q=80, https://images.unsplash.com/photo-1459411552884-841db9b3cc2a?ixlib=rb-1.2.1&ixid=MnwxMjA3fDB8MHxwaG90by1wYWdlfHx8fGVufDB8fHx8&auto=format&fit=crop&w=1974&q=80, https://images.unsplash.com/photo-1459411552884-841db9b3cc2a?ixlib=rb-1.2.1&ixid=MnwxMjA3fDB8MHxwaG90by1wYWdlfHx8fGVufDB8fHx8&auto=format&fit=crop&w=1974&q=80, https://images.unsplash.com/photo-1459411552884-841db9b3cc2a?ixlib=rb-1.2.1&ixid=MnwxMjA3fDB8MHxwaG90by1wYWdlfHx8fGVufDB8fHx8&auto=format&fit=crop&w=1974&q=80, https://images.unsplash.com/photo-1459411552884-841db9b3cc2a?ixlib=rb-1.2.1&ixid=MnwxMjA3fDB8MHxwaG90by1wYWdlfHx8fGVufDB8fHx8&auto=format&fit=crop&w=1974&q=80, https://images.unsplash.com/photo-1459411552884-841db9b3cc2a?ixlib=rb-1.2.1&ixid=MnwxMjA3fDB8MHxwaG90by1wYWdlfHx8fGVufDB8fHx8&auto=format&fit=crop&w=1974&q=80, https://images.unsplash.com/photo-1459411552884-841db9b3cc2a?ixlib=rb-1.2.1&ixid=MnwxMjA3fDB8MHxwaG90by1wYWdlfHx8fGVufDB8fHx8&auto=format&fit=crop&w=1974&q=80, https://images.unsplash.com/photo-1459411552884-841db9b3cc2a?ixlib=rb-1.2.1&ixid=MnwxMjA3fDB8MHxwaG90by1wYWdlfHx8fGVufDB8fHx8&auto=format&fit=crop&w=1974&q=80, https://images.unsplash.com/photo-1459411552884-841db9b3cc2a?ixlib=rb-1.2.1&ixid=MnwxMjA3fDB8MHxwaG90by1wYWdlfHx8fGVufDB8fHx8&auto=format&fit=crop&w=1974&q=80, https://images.unsplash.com/photo-1459411552884-841db9b3cc2a?ixlib=rb-1.2.1&ixid=MnwxMjA3fDB8MHxwaG90by1wYWdlfHx8fGVufDB8fHx8&auto=format&fit=crop&w=1974&q=80","Qui, Vel, Dolorem, Nesciunt, Iste"
Dolor quis voluptatem quod,Ipsa vitae hic. Sed ad nobis. Est quas maxime.<br>Excepturi tempora occaecati. Esse ducimus quaerat. Quibusdam voluptatem alias.<br>Sit ipsum iste. Adipisci dolorem rerum. Amet neque ipsum.,88.17,6,"https://images.unsplash.com/photo-1459411552884-841db9b3cc2a?ixlib=rb-1.2.1&ixid=MnwxMjA3fDB8MHxwaG90by1wYWdlfHx8fGVufDB8fHx8&auto=format&fit=crop&w=1974&q=80, https://images.unsplash.com/photo-1459411552884-841db9b3cc2a?ixlib=rb-1.2.1&ixid=MnwxMjA3fDB8MHxwaG90by1wYWdlfHx8fGVufDB8fHx8&auto=format&fit=crop&w=1974&q=80, https://images.unsplash.com/photo-1459411552884-841db9b3cc2a?ixlib=rb-1.2.1&ixid=MnwxMjA3fDB8MHxwaG90by1wYWdlfHx8fGVufDB8fHx8&auto=format&fit=crop&w=1974&q=80, https://images.unsplash.com/photo-1459411552884-841db9b3cc2a?ixlib=rb-1.2.1&ixid=MnwxMjA3fDB8MHxwaG90by1wYWdlfHx8fGVufDB8fHx8&auto=format&fit=crop&w=1974&q=80, https://images.unsplash.com/photo-1459411552884-841db9b3cc2a?ixlib=rb-1.2.1&ixid=MnwxMjA3fDB8MHxwaG90by1wYWdlfHx8fGVufDB8fHx8&auto=format&fit=crop&w=1974&q=80, https://images.unsplash.com/photo-1459411552884-841db9b3cc2a?ixlib=rb-1.2.1&ixid=MnwxMjA3fDB8MHxwaG90by1wYWdlfHx8fGVufDB8fHx8&auto=format&fit=crop&w=1974&q=80, https://images.unsplash.com/photo-1459411552884-841db9b3cc2a?ixlib=rb-1.2.1&ixid=MnwxMjA3fDB8MHxwaG90by1wYWdlfHx8fGVufDB8fHx8&auto=format&fit=crop&w=1974&q=80, https://images.unsplash.com/photo-1459411552884-841db9b3cc2a?ixlib=rb-1.2.1&ixid=MnwxMjA3fDB8MHxwaG90by1wYWdlfHx8fGVufDB8fHx8&auto=format&fit=crop&w=1974&q=80, https://images.unsplash.com/photo-1459411552884-841db9b3cc2a?ixlib=rb-1.2.1&ixid=MnwxMjA3fDB8MHxwaG90by1wYWdlfHx8fGVufDB8fHx8&auto=format&fit=crop&w=1974&q=80, https://images.unsplash.com/photo-1459411552884-841db9b3cc2a?ixlib=rb-1.2.1&ixid=MnwxMjA3fDB8MHxwaG90by1wYWdlfHx8fGVufDB8fHx8&auto=format&fit=crop&w=1974&q=80","Voluptatibus, Est, Ut, Minima, Et"
Consectetur ad dignissimos quasi,Unde at vitae. Odio amet at. Nemo quasi ipsum.<br>Nisi repellat laborum. Vero sint odio. Sunt doloribus sit.<br>Sit voluptas molestiae. Sed accusantium qui. Suscipit sit veritatis.,16.24,70,"https://images.unsplash.com/photo-1459411552884-841db9b3cc2a?ixlib=rb-1.2.1&ixid=MnwxMjA3fDB8MHxwaG90by1wYWdlfHx8fGVufDB8fHx8&auto=format&fit=crop&w=1974&q=80, https://images.unsplash.com/photo-1459411552884-841db9b3cc2a?ixlib=rb-1.2.1&ixid=MnwxMjA3fDB8MHxwaG90by1wYWdlfHx8fGVufDB8fHx8&auto=format&fit=crop&w=1974&q=80, https://images.unsplash.com/photo-1459411552884-841db9b3cc2a?ixlib=rb-1.2.1&ixid=MnwxMjA3fDB8MHxwaG90by1wYWdlfHx8fGVufDB8fHx8&auto=format&fit=crop&w=1974&q=80, https://images.unsplash.com/photo-1459411552884-841db9b3cc2a?ixlib=rb-1.2.1&ixid=MnwxMjA3fDB8MHxwaG90by1wYWdlfHx8fGVufDB8fHx8&auto=format&fit=crop&w=1974&q=80, https://images.unsplash.com/photo-1459411552884-841db9b3cc2a?ixlib=rb-1.2.1&ixid=MnwxMjA3fDB8MHxwaG90by1wYWdlfHx8fGVufDB8fHx8&auto=format&fit=crop&w=1974&q=80, https://images.unsplash.com/photo-1459411552884-841db9b3cc2a?ixlib=rb-1.2.1&ixid=MnwxMjA3fDB8MHxwaG90by1wYWdlfHx8fGVufDB8fHx8&auto=format&fit=crop&w=1974&q=80, https://images.unsplash.com/photo-1459411552884-841db9b3cc2a?ixlib=rb-1.2.1&ixid=MnwxMjA3fDB8MHxwaG90by1wYWdlfHx8fGVufDB8fHx8&auto=format&fit=crop&w=1974&q=80, https://images.unsplash.com/photo-1459411552884-841db9b3cc2a?ixlib=rb-1.2.1&ixid=MnwxMjA3fDB8MHxwaG90by1wYWdlfHx8fGVufDB8fHx8&auto=format&fit=crop&w=1974&q=80, https://images.unsplash.com/photo-1459411552884-841db9b3cc2a?ixlib=rb-1.2.1&ixid=MnwxMjA3fDB8MHxwaG90by1wYWdlfHx8fGVufDB8fHx8&auto=format&fit=crop&w=1974&q=80, https://images.unsplash.com/photo-1459411552884-841db9b3cc2a?ixlib=rb-1.2.1&ixid=MnwxMjA3fDB8MHxwaG90by1wYWdlfHx8fGVufDB8fHx8&auto=format&fit=crop&w=1974&q=80","Eius, Dolores, Maxime, Et, Tenetur"
Earum dicta rerum dolorum,Consectetur illum cum. Et laborum pariatur. Minima tempora dolorem.<br>Non ab eius. Animi ea voluptas. Dolore voluptatem reiciendis.<br>Quia repellendus veniam. Vitae fuga est. Laboriosam sed voluptatibus.,71.54,25,"https://images.unsplash.com/photo-1459411552884-841db9b3cc2a?ixlib=rb-1.2.1&ixid=MnwxMjA3fDB8MHxwaG90by1wYWdlfHx8fGVufDB8fHx8&auto=format&fit=crop&w=1974&q=80, https://images.unsplash.com/photo-1459411552884-841db9b3cc2a?ixlib=rb-1.2.1&ixid=MnwxMjA3fDB8MHxwaG90by1wYWdlfHx8fGVufDB8fHx8&auto=format&fit=crop&w=1974&q=80, https://images.unsplash.com/photo-1459411552884-841db9b3cc2a?ixlib=rb-1.2.1&ixid=MnwxMjA3fDB8MHxwaG90by1wYWdlfHx8fGVufDB8fHx8&auto=format&fit=crop&w=1974&q=80, https://images.unsplash.com/photo-1459411552884-841db9b3cc2a?ixlib=rb-1.2.1&ixid=MnwxMjA3fDB8MHxwaG90by1wYWdlfHx8fGVufDB8fHx8&auto=format&fit=crop&w=1974&q=80, https://images.unsplash.com/photo-1459411552884-841db9b3cc2a?ixlib=rb-1.2.1&ixid=MnwxMjA3fDB8MHxwaG90by1wYWdlfHx8fGVufDB8fHx8&auto=format&fit=crop&w=1974&q=80, https://images.unsplash.com/photo-1459411552884-841db9b3cc2a?ixlib=rb-1.2.1&ixid=MnwxMjA3fDB8MHxwaG90by1wYWdlfHx8fGVufDB8fHx8&auto=format&fit=crop&w=1974&q=80, https://images.unsplash.com/photo-1459411552884-841db9b3cc2a?ixlib=rb-1.2.1&ixid=MnwxMjA3fDB8MHxwaG90by1wYWdlfHx8fGVufDB8fHx8&auto=format&fit=crop&w=1974&q=80, https://images.unsplash.com/photo-1459411552884-841db9b3cc2a?ixlib=rb-1.2.1&ixid=MnwxMjA3fDB8MHxwaG90by1wYWdlfHx8fGVufDB8fHx8&auto=format&fit=crop&w=1974&q=80, https://images.unsplash.com/photo-1459411552884-841db9b3cc2a?ixlib=rb-1.2.1&ixid=MnwxMjA3fDB8MHxwaG90by1wYWdlfHx8fGVufDB8fHx8&auto=format&fit=crop&w=1974&q=80, https://images.unsplash.com/photo-1459411552884-841db9b3cc2a?ixlib=rb-1.2.1&ixid=MnwxMjA3fDB8MHxwaG90by1wYWdlfHx8fGVufDB8fHx8&auto=format&fit=crop&w=1974&q=80","Nobis, Doloribus, Aut, Repellat, Libero"
Incidunt delectus expedita dolor,Rerum necessitatibus voluptas. Officiis mollitia quisquam. Atque et rerum.<br>Exercitationem et velit. Aut est sint. Maiores dolores ex.<br>Quidem qui soluta. Voluptatem accusantium occaecati. Quam eius impedit.,51.37,83,"https://images.unsplash.com/photo-1459411552884-841db9b3cc2a?ixlib=rb-1.2.1&ixid=MnwxMjA3fDB8MHxwaG90by1wYWdlfHx8fGVufDB8fHx8&auto=format&fit=crop&w=1974&q=80, https://images.unsplash.com/photo-1459411552884-841db9b3cc2a?ixlib=rb-1.2.1&ixid=MnwxMjA3fDB8MHxwaG90by1wYWdlfHx8fGVufDB8fHx8&auto=format&fit=crop&w=1974&q=80, https://images.unsplash.com/photo-1459411552884-841db9b3cc2a?ixlib=rb-1.2.1&ixid=MnwxMjA3fDB8MHxwaG90by1wYWdlfHx8fGVufDB8fHx8&auto=format&fit=crop&w=1974&q=80, https://images.unsplash.com/photo-1459411552884-841db9b3cc2a?ixlib=rb-1.2.1&ixid=MnwxMjA3fDB8MHxwaG90by1wYWdlfHx8fGVufDB8fHx8&auto=format&fit=crop&w=1974&q=80, https://images.unsplash.com/photo-1459411552884-841db9b3cc2a?ixlib=rb-1.2.1&ixid=MnwxMjA3fDB8MHxwaG90by1wYWdlfHx8fGVufDB8fHx8&auto=format&fit=crop&w=1974&q=80, https://images.unsplash.com/photo-1459411552884-841db9b3cc2a?ixlib=rb-1.2.1&ixid=MnwxMjA3fDB8MHxwaG90by1wYWdlfHx8fGVufDB8fHx8&auto=format&fit=crop&w=1974&q=80, https://images.unsplash.com/photo-1459411552884-841db9b3cc2a?ixlib=rb-1.2.1&ixid=MnwxMjA3fDB8MHxwaG90by1wYWdlfHx8fGVufDB8fHx8&auto=format&fit=crop&w=1974&q=80, https://images.unsplash.com/photo-1459411552884-841db9b3cc2a?ixlib=rb-1.2.1&ixid=MnwxMjA3fDB8MHxwaG90by1wYWdlfHx8fGVufDB8fHx8&auto=format&fit=crop&w=1974&q=80, https://images.unsplash.com/photo-1459411552884-841db9b3cc2a?ixlib=rb-1.2.1&ixid=MnwxMjA3fDB8MHxwaG90by1wYWdlfHx8fGVufDB8fHx8&auto=format&fit=crop&w=1974&q=80, https://images.unsplash.com/photo-1459411552884-841db9b3cc2a?ixlib=rb-1.2.1&ixid=MnwxMjA3fDB8MHxwaG90by1wYWdlfHx8fGVufDB8fHx8&auto=format&fit=crop&w=1974&q=80","Aut, Voluptatem, Autem, Nulla, Quidem"
Sequi nesciunt eaque qui,Eius illum quisquam. Nam modi non. Rerum soluta est.<br>Non est recusandae. Reprehenderit est quae. Dolorem quis quae.<br>Qui optio voluptatibus. Deleniti tempore velit. Fugiat quae exercitationem.,34.89,13,"https://images.unsplash.com/photo-1459411552884-841db9b3cc2a?ixlib=rb-1.2.1&ixid=MnwxMjA3fDB8MHxwaG90by1wYWdlfHx8fGVufDB8fHx8&auto=format&fit=crop&w=1974&q=80, https://images.unsplash.com/photo-1459411552884-841db9b3cc2a?ixlib=rb-1.2.1&ixid=MnwxMjA3fDB8MHxwaG90by1wYWdlfHx8fGVufDB8fHx8&auto=format&fit=crop&w=1974&q=80, https://images.unsplash.com/photo-1459411552884-841db9b3cc2a?ixlib=rb-1.2.1&ixid=MnwxMjA3fDB8MHxwaG90by1wYWdlfHx8fGVufDB8fHx8&auto=format&fit=crop&w=1974&q=80, https://images.unsplash.com/photo-1459411552884-841db9b3cc2a?ixlib=rb-1.2.1&ixid=MnwxMjA3fDB8MHxwaG90by1wYWdlfHx8fGVufDB8fHx8&auto=format&fit=crop&w=1974&q=80, https://images.unsplash.com/photo-1459411552884-841db9b3cc2a?ixlib=rb-1.2.1&ixid=MnwxMjA3fDB8MHxwaG90by1wYWdlfHx8fGVufDB8fHx8&auto=format&fit=crop&w=1974&q=80, https://images.unsplash.com/photo-1459411552884-841db9b3cc2a?ixlib=rb-1.2.1&ixid=MnwxMjA3fDB8MHxwaG90by1wYWdlfHx8fGVufDB8fHx8&auto=format&fit=crop&w=1974&q=80, https://images.unsplash.com/photo-1459411552884-841db9b3cc2a?ixlib=rb-1.2.1&ixid=MnwxMjA3fDB8MHxwaG90by1wYWdlfHx8fGVufDB8fHx8&auto=format&fit=crop&w=1974&q=80, https://images.unsplash.com/photo-1459411552884-841db9b3cc2a?ixlib=rb-1.2.1&ixid=MnwxMjA3fDB8MHxwaG90by1wYWdlfHx8fGVufDB8fHx8&auto=format&fit=crop&w=1974&q=80, https://images.unsplash.com/photo-1459411552884-841db9b3cc2a?ixlib=rb-1.2.1&ixid=MnwxMjA3fDB8MHxwaG90by1wYWdlfHx8fGVufDB8fHx8&auto=format&fit=crop&w=1974&q=80, https://images.unsplash.com/photo-1459411552884-841db9b3cc2a?ixlib=rb-1.2.1&ixid=MnwxMjA3fDB8MHxwaG90by1wYWdlfHx8fGVufDB8fHx8&auto=format&fit=crop&w=1974&q=80","Odit, Similique, Est, Modi, Iste"
Corporis nemo esse laborum,Facere commodi autem. Quisquam necessitatibus architecto. Quidem corrupti enim.<br>Esse quas voluptatem. Necessitatibus possimus maiores. Quia ut ad.<br>Est dolores et. Fuga suscipit ad. Facilis voluptatem qui.,84.64,84,"https://images.unsplash.com/photo-1459411552884-841db9b3cc2a?ixlib=rb-1.2.1&ixid=MnwxMjA3fDB8MHxwaG90by1wYWdlfHx8fGVufDB8fHx8&auto=format&fit=crop&w=1974&q=80, https://images.unsplash.com/photo-1459411552884-841db9b3cc2a?ixlib=rb-1.2.1&ixid=MnwxMjA3fDB8MHxwaG90by1wYWdlfHx8fGVufDB8fHx8&auto=format&fit=crop&w=1974&q=80, https://images.unsplash.com/photo-1459411552884-841db9b3cc2a?ixlib=rb-1.2.1&ixid=MnwxMjA3fDB8MHxwaG90by1wYWdlfHx8fGVufDB8fHx8&auto=format&fit=crop&w=1974&q=80, https://images.unsplash.com/photo-1459411552884-841db9b3cc2a?ixlib=rb-1.2.1&ixid=MnwxMjA3fDB8MHxwaG90by1wYWdlfHx8fGVufDB8fHx8&auto=format&fit=crop&w=1974&q=80, https://images.unsplash.com/photo-1459411552884-841db9b3cc2a?ixlib=rb-1.2.1&ixid=MnwxMjA3fDB8MHxwaG90by1wYWdlfHx8fGVufDB8fHx8&auto=format&fit=crop&w=1974&q=80, https://images.unsplash.com/photo-1459411552884-841db9b3cc2a?ixlib=rb-1.2.1&ixid=MnwxMjA3fDB8MHxwaG90by1wYWdlfHx8fGVufDB8fHx8&auto=format&fit=crop&w=1974&q=80, https://images.unsplash.com/photo-1459411552884-841db9b3cc2a?ixlib=rb-1.2.1&ixid=MnwxMjA3fDB8MHxwaG90by1wYWdlfHx8fGVufDB8fHx8&auto=format&fit=crop&w=1974&q=80, https://images.unsplash.com/photo-1459411552884-841db9b3cc2a?ixlib=rb-1.2.1&ixid=MnwxMjA3fDB8MHxwaG90by1wYWdlfHx8fGVufDB8fHx8&auto=format&fit=crop&w=1974&q=80, https://images.unsplash.com/photo-1459411552884-841db9b3cc2a?ixlib=rb-1.2.1&ixid=MnwxMjA3fDB8MHxwaG90by1wYWdlfHx8fGVufDB8fHx8&auto=format&fit=crop&w=1974&q=80, https://images.unsplash.com/photo-1459411552884-841db9b3cc2a?ixlib=rb-1.2.1&ixid=MnwxMjA3fDB8MHxwaG90by1wYWdlfHx8fGVufDB8fHx8&auto=format&fit=crop&w=1974&q=80","Qui, Enim, Voluptas, Expedita, Sit"
Ea ducimus quibusdam porro,Dignissimos voluptas ipsum. Quae ut soluta. Ipsum ratione velit.<br>Autem ullam aut. Porro aperiam eligendi. Eligendi illo ducimus.<br>Unde eum sint. Sed voluptas hic. Velit esse cum.,33.81,48,"https://images.unsplash.com/photo-1459411552884-841db9b3cc2a?ixlib=rb-1.2.1&ixid=MnwxMjA3fDB8MHxwaG90by1wYWdlfHx8fGVufDB8fHx8&auto=format&fit=crop&w=1974&q=80, https://images.unsplash.com/photo-1459411552884-841db9b3cc2a?ixlib=rb-1.2.1&ixid=MnwxMjA3fDB8MHxwaG90by1wYWdlfHx8fGVufDB8fHx8&auto=format&fit=crop&w=1974&q=80, https://images.unsplash.com/photo-1459411552884-841db9b3cc2a?ixlib=rb-1.2.1&ixid=MnwxMjA3fDB8MHxwaG90by1wYWdlfHx8fGVufDB8fHx8&auto=format&fit=crop&w=1974&q=80, https://images.unsplash.com/photo-1459411552884-841db9b3cc2a?ixlib=rb-1.2.1&ixid=MnwxMjA3fDB8MHxwaG90by1wYWdlfHx8fGVufDB8fHx8&auto=format&fit=crop&w=1974&q=80, https://images.unsplash.com/photo-1459411552884-841db9b3cc2a?ixlib=rb-1.2.1&ixid=MnwxMjA3fDB8MHxwaG90by1wYWdlfHx8fGVufDB8fHx8&auto=format&fit=crop&w=1974&q=80, https://images.unsplash.com/photo-1459411552884-841db9b3cc2a?ixlib=rb-1.2.1&ixid=MnwxMjA3fDB8MHxwaG90by1wYWdlfHx8fGVufDB8fHx8&auto=format&fit=crop&w=1974&q=80, https://images.unsplash.com/photo-1459411552884-841db9b3cc2a?ixlib=rb-1.2.1&ixid=MnwxMjA3fDB8MHxwaG90by1wYWdlfHx8fGVufDB8fHx8&auto=format&fit=crop&w=1974&q=80, https://images.unsplash.com/photo-1459411552884-841db9b3cc2a?ixlib=rb-1.2.1&ixid=MnwxMjA3fDB8MHxwaG90by1wYWdlfHx8fGVufDB8fHx8&auto=format&fit=crop&w=1974&q=80, https://images.unsplash.com/photo-1459411552884-841db9b3cc2a?ixlib=rb-1.2.1&ixid=MnwxMjA3fDB8MHxwaG90by1wYWdlfHx8fGVufDB8fHx8&auto=format&fit=crop&w=1974&q=80, https://images.unsplash.com/photo-1459411552884-841db9b3cc2a?ixlib=rb-1.2.1&ixid=MnwxMjA3fDB8MHxwaG90by1wYWdlfHx8fGVufDB8fHx8&auto=format&fit=crop&w=1974&q=80","Enim, Incidunt, Doloribus, Dolores, Dolore"
Quisquam fugit consectetur repudiandae,Modi quia voluptatem. Dolor quia sunt. Nulla nobis laboriosam.<br>Tempora aut accusamus. Inventore voluptate cumque. Consequatur enim autem.<br>Quos non eos. Id alias quis. Odio in ad.,21.82,58,"https://images.unsplash.com/photo-1459411552884-841db9b3cc2a?ixlib=rb-1.2.1&ixid=MnwxMjA3fDB8MHxwaG90by1wYWdlfHx8fGVufDB8fHx8&auto=format&fit=crop&w=1974&q=80, https://images.unsplash.com/photo-1459411552884-841db9b3cc2a?ixlib=rb-1.2.1&ixid=MnwxMjA3fDB8MHxwaG90by1wYWdlfHx8fGVufDB8fHx8&auto=format&fit=crop&w=1974&q=80, https://images.unsplash.com/photo-1459411552884-841db9b3cc2a?ixlib=rb-1.2.1&ixid=MnwxMjA3fDB8MHxwaG90by1wYWdlfHx8fGVufDB8fHx8&auto=format&fit=crop&w=1974&q=80, https://images.unsplash.com/photo-1459411552884-841db9b3cc2a?ixlib=rb-1.2.1&ixid=MnwxMjA3fDB8MHxwaG90by1wYWdlfHx8fGVufDB8fHx8&auto=format&fit=crop&w=1974&q=80, https://images.unsplash.com/photo-1459411552884-841db9b3cc2a?ixlib=rb-1.2.1&ixid=MnwxMjA3fDB8MHxwaG90by1wYWdlfHx8fGVufDB8fHx8&auto=format&fit=crop&w=1974&q=80, https://images.unsplash.com/photo-1459411552884-841db9b3cc2a?ixlib=rb-1.2.1&ixid=MnwxMjA3fDB8MHxwaG90by1wYWdlfHx8fGVufDB8fHx8&auto=format&fit=crop&w=1974&q=80, https://images.unsplash.com/photo-1459411552884-841db9b3cc2a?ixlib=rb-1.2.1&ixid=MnwxMjA3fDB8MHxwaG90by1wYWdlfHx8fGVufDB8fHx8&auto=format&fit=crop&w=1974&q=80, https://images.unsplash.com/photo-1459411552884-841db9b3cc2a?ixlib=rb-1.2.1&ixid=MnwxMjA3fDB8MHxwaG90by1wYWdlfHx8fGVufDB8fHx8&auto=format&fit=crop&w=1974&q=80, https://images.unsplash.com/photo-1459411552884-841db9b3cc2a?ixlib=rb-1.2.1&ixid=MnwxMjA3fDB8MHxwaG90by1wYWdlfHx8fGVufDB8fHx8&auto=format&fit=crop&w=1974&q=80, https://images.unsplash.com/photo-1459411552884-841db9b3cc2a?ixlib=rb-1.2.1&ixid=MnwxMjA3fDB8MHxwaG90by1wYWdlfHx8fGVufDB8fHx8&auto=format&fit=crop&w=1974&q=80","Explicabo, Quae, Eos, Rem, Inventore"
Aliquam rerum dolores similique,Nihil quidem nihil. Dolorem laborum alias. Sit voluptatem vitae.<br>Pariatur sunt quos. Non et et. Aliquid ab excepturi.<br>Ad placeat a. In eum sapiente. Quia pariatur quae.,46.06,85,"https://images.unsplash.com/photo-1459411552884-841db9b3cc2a?ixlib=rb-1.2.1&ixid=MnwxMjA3fDB8MHxwaG90by1wYWdlfHx8fGVufDB8fHx8&auto=format&fit=crop&w=1974&q=80, https://images.unsplash.com/photo-1459411552884-841db9b3cc2a?ixlib=rb-1.2.1&ixid=MnwxMjA3fDB8MHxwaG90by1wYWdlfHx8fGVufDB8fHx8&auto=format&fit=crop&w=1974&q=80, https://images.unsplash.com/photo-1459411552884-841db9b3cc2a?ixlib=rb-1.2.1&ixid=MnwxMjA3fDB8MHxwaG90by1wYWdlfHx8fGVufDB8fHx8&auto=format&fit=crop&w=1974&q=80, https://images.unsplash.com/photo-1459411552884-841db9b3cc2a?ixlib=rb-1.2.1&ixid=MnwxMjA3fDB8MHxwaG90by1wYWdlfHx8fGVufDB8fHx8&auto=format&fit=crop&w=1974&q=80, https://images.unsplash.com/photo-1459411552884-841db9b3cc2a?ixlib=rb-1.2.1&ixid=MnwxMjA3fDB8MHxwaG90by1wYWdlfHx8fGVufDB8fHx8&auto=format&fit=crop&w=1974&q=80, https://images.unsplash.com/photo-1459411552884-841db9b3cc2a?ixlib=rb-1.2.1&ixid=MnwxMjA3fDB8MHxwaG90by1wYWdlfHx8fGVufDB8fHx8&auto=format&fit=crop&w=1974&q=80, https://images.unsplash.com/photo-1459411552884-841db9b3cc2a?ixlib=rb-1.2.1&ixid=MnwxMjA3fDB8MHxwaG90by1wYWdlfHx8fGVufDB8fHx8&auto=format&fit=crop&w=1974&q=80, https://images.unsplash.com/photo-1459411552884-841db9b3cc2a?ixlib=rb-1.2.1&ixid=MnwxMjA3fDB8MHxwaG90by1wYWdlfHx8fGVufDB8fHx8&auto=format&fit=crop&w=1974&q=80, https://images.unsplash.com/photo-1459411552884-841db9b3cc2a?ixlib=rb-1.2.1&ixid=MnwxMjA3fDB8MHxwaG90by1wYWdlfHx8fGVufDB8fHx8&auto=format&fit=crop&w=1974&q=80, https://images.unsplash.com/photo-1459411552884-841db9b3cc2a?ixlib=rb-1.2.1&ixid=MnwxMjA3fDB8MHxwaG90by1wYWdlfHx8fGVufDB8fHx8&auto=format&fit=crop&w=1974&q=80","Aut, Dicta, Est, Delectus, Iure"
